,Name,site,k,ddg_rng,ddg_sd,pred_rng,pred_sd
0,1A22_A_B,A164,2,0.21631240844726562,0.15295597086785576,0.41207695007324224,0.29138240576746
1,1A22_A_B,A165,2,0.24547798931598663,0.17357915087737302,1.8686819076538086,1.321357648782622
2,1A22_A_B,A167,3,1.472187876701355,0.7749474407964375,1.1095600128173828,0.5549823686257029
3,1A22_A_B,A58,2,1.3433812260627744,0.9499139746676862,1.4752063751220703,1.0431284314984417
4,1A22_A_B,A64,2,2.036303997039795,1.4398843648641104,0.21481418609619146,0.15189656768368595
5,1A22_A_B,B11,3,1.002674291531245,0.5015055326502984,0.5940418243408202,0.31027691453790335
6,1A22_A_B,B63,2,1.898705005645752,1.342587184964953,1.2740068435668945,0.9008588783642202
7,1A4Y_A_B,A434,2,2.70415723323822,1.912127917017398,3.843914031982422,2.7180576783128942
8,1A4Y_A_B,A437,2,0.5910516232252121,0.4179366108138638,1.1086387634277344,0.7839259875060196
9,1A4Y_A_B,B40,2,1.015627145767212,0.7181568419291338,0.09765815734863281,0.06905474529940113
10,1ACB_E_I,I38,6,2.658916950225829,1.0921667759661873,6.020397186279297,2.059318231614749
11,1AK4_A_D,D87,3,0.6727622151374817,0.37818058813414274,0.8519554138183594,0.48350786189700357
12,1AK4_A_D,D88,2,1.8850841522216801,1.332955787143244,0.3674507141113281,0.25982689169995954
13,1AK4_A_D,D89,2,0.953514575958252,0.6742366226202953,0.6981277465820312,0.4936508637426379
14,1AK4_A_D,D90,2,0.8579709529876709,0.6066770789186666,0.7233963012695312,0.5115184301129522
15,1AK4_A_D,D91,2,0.2402186095714569,0.16986020779518088,0.3829994201660156,0.2708214871899054
16,1AK4_A_D,D92,2,0.22198790311813354,0.15696915163621455,0.5145530700683596,0.3638439651256938
17,1AO7_ABC_DE,A150,2,0.9420169778168201,0.666106593007131,0.35321044921875,0.24975750382852482
18,1AO7_ABC_DE,C5,3,1.4993109669197688,0.7502684072567124,2.2368708523837,1.2827493265906265
19,1AO7_ABC_DE,D26,4,2.444621443748474,1.0783067815630774,2.926441192626953,1.2336924984501567
20,1AO7_ABC_DE,D27,3,0.6898046880960464,0.3574261977154136,0.9132137298583984,0.47436786021998806
21,1AO7_ABC_DE,D28,7,3.0769162774086,1.0669994102240608,0.8188896179199219,0.29528016591119294
22,1AO7_ABC_DE,D30,4,1.7775747617706656,0.7485012512117067,1.4246330261230469,0.6560341788475946
23,1AO7_ABC_DE,D66,2,0.2580209970474242,0.18244839670074778,0.4949817657470703,0.3500049631234446
24,1AO7_ABC_DE,D93,2,1.6798949241638184,1.187865092557097,0.301422119140625,0.2131376244439554
25,1AO7_ABC_DE,D94,4,2.8111727237701416,1.4441884109495757,1.0248184204101562,0.41931239986345437
26,1AO7_ABC_DE,E96,2,0.3720553331077098,0.2630828490170814,0.07526969909667969,0.053223714649133155
27,1AO7_ABC_DE,E98,2,1.5407633483409882,1.0894842118156034,0.39167022705078125,0.2769526735364822
28,1AO7_ABC_DE,E99,3,2.35234197974205,1.2700896393532721,0.6372909545898438,0.3260771591337756
29,1B41_A_B,B27,3,0.9130074977874758,0.46669868580830437,0.37151336669921875,0.20074138935226293
30,1B41_A_B,B29,2,0.47855344414711,0.33838838551659917,0.6151504516601562,0.434977055818864
31,1B41_A_B,B33,4,1.104526162147522,0.5624194203735743,0.7378120422363281,0.3399620100651224
32,1B41_A_B,B47,3,0.1783903017640113,0.09010709292843778,0.6524391174316405,0.3263819718478799
33,1B41_A_B,B9,2,3.5862830951809888,2.5358850958571577,1.1807060241699219,0.8348852362783594
34,1BD2_ABC_DE,C5,3,2.601957400639852,1.3025979868017885,3.0693817138671875,1.7466971464771492
35,1BJ1_HL_VW,H54,2,1.4655853062868118,1.036325308482768,1.2519645690917969,0.8852726366101035
36,1BP3_A_B,A175,2,0.5186731964349747,0.3667573344188728,0.7106781005859376,0.5025253041650918
37,1BRS_A_D,A100,5,3.115762233734131,1.3939049246721604,4.893054962158203,2.053750470143905
38,1BRS_A_D,A57,2,2.5006279945373535,1.7682110121622796,0.042955398559570326,0.030374053610043028
39,1BRS_A_D,A71,7,1.5583852529525757,0.529187388788928,1.5216827392578125,0.6174272552467036
40,1BRS_A_D,D29,2,3.6027459353208546,2.5475260817576473,2.2061996459960938,1.5600187303351984
41,1C1Y_A_B,B10,2,0.9743046760559082,0.6889374433808951,1.4290122985839844,1.0104642867277107
42,1C1Y_A_B,B11,3,0.3956568241119387,0.19816615675333357,0.5713577270507811,0.2899777159090001
43,1C1Y_A_B,B30,2,0.9202843904495239,0.6507393331069867,1.8697776794433598,1.3221324764456466
44,1C4Z_ABC_D,A145,2,0.5951673835515975,0.4208468928503895,0.0255584716796875,0.01807256864147136
45,1C4Z_ABC_D,A156,2,0.857230067253113,0.6061531935916764,0.3842620849609377,0.2717143260287604
46,1C4Z_ABC_D,D2,2,0.7697627544403076,0.5443044635695767,0.01898193359375,0.013422253964173358
47,1C4Z_ABC_D,D3,2,0.7186576426029205,0.5081676924360634,0.15289306640625,0.1081117240522645
48,1C4Z_ABC_D,D57,2,0.020789928734302507,0.014700699588410355,0.22802734375,0.1612396810615809
49,1C4Z_ABC_D,D6,2,0.9449900984764099,0.6682089067868128,0.31462860107421853,0.22247601737481693
50,1C4Z_ABC_D,D61,2,0.4319444000720978,0.3054308143865354,0.5921058654785156,0.4186820726601881
51,1C4Z_ABC_D,D90,2,0.5680728256702423,0.4016881472392318,0.8800430297851562,0.6222843940970388
52,1C4Z_ABC_D,D93,2,0.0338636636734011,0.02394522621928255,0.6868438720703125,0.4856719595573435
53,1C4Z_ABC_D,D97,2,0.11888778209686279,0.08406635692092031,0.03083038330078114,0.021800373098562798
54,1CBW_FGH_I,I15,17,7.912289142608643,2.512381334877505,7.2597198486328125,1.541658762076581
55,1CHO_EFG_I,I10,19,2.649231195449829,0.8054667388995924,2.3374290466308594,0.5426828499424168
56,1CHO_EFG_I,I11,19,1.6199814677238464,0.4818622504928391,2.3173446655273433,0.616554810763676
57,1CHO_EFG_I,I12,19,5.034295916557312,1.1189908432281672,5.440635681152344,1.6411469385060191
58,1CHO_EFG_I,I14,19,4.470308303833008,0.9474316850833795,3.1493568420410156,1.0085409477997223
59,1CHO_EFG_I,I15,19,11.026978731155396,3.0031131734615815,8.456562042236328,1.9599045750154978
60,1CHO_EFG_I,I16,19,2.800097346305847,0.7323131237972638,2.7487373352050786,0.6650267240150496
61,1CHO_EFG_I,I17,19,8.38460747897625,2.0049428568275776,5.604698181152344,1.3460950679196375
62,1CHO_EFG_I,I18,19,6.626641511917114,1.2496524266471072,7.189701080322266,1.59933132305249
63,1CHO_EFG_I,I29,19,4.0925133228302,1.2933544167946185,2.3176651000976562,0.6009458884757609
64,1CHO_EFG_I,I33,19,4.400110602378845,1.5363813389946632,1.8663215637207031,0.5726036166314156
65,1CSE_E_I,I38,6,5.576670169830322,1.9837680260509218,1.8981132507324219,0.7271005285498104
66,1DAN_HL_UT,T15,2,0.8275147676467896,0.5851413037350551,0.7408561706542968,0.5238644221535513
67,1DAN_HL_UT,T40,2,0.6649559736251831,0.47019487814087,1.701791763305664,1.2033484960008471
68,1DAN_HL_UT,T53,2,0.6091972589492798,0.4307675128832929,0.7913246154785156,0.5595510017246956
69,1F47_A_B,A7,3,0.925519585609436,0.46895172658018275,1.7174644470214844,0.8813644935124784
70,1FC2_C_D,C10,2,0.6170114576816559,0.4362929857964954,0.1752395629882812,0.12391308332118076
71,1FC2_C_D,C2,2,0.1080167666077613,0.07637938815019264,0.6705093383789062,0.47412170001663
72,1FC2_C_D,C24,2,0.2515077590942383,0.17784284197656847,1.1921272277832031,0.842961246802623
73,1FC2_C_D,C26,2,0.013661922886967652,0.009660438317422521,1.1430320739746094,0.8082457306211697
74,1FC2_C_D,C28,2,0.2876400649547577,0.2033922404704482,0.6913795471191406,0.4888791661416285
75,1FSS_A_B,B27,3,0.22785687446594238,0.12272232532905714,0.4291210174560547,0.21513346033954225
76,1FSS_A_B,B29,2,0.6533848643302917,0.46201286829260163,0.2576866149902344,0.18221195288060177
77,1FSS_A_B,B33,4,0.635312557220459,0.3167517959169194,1.0411720275878906,0.49646490403725824
78,1FSS_A_B,B47,3,1.0276678502559662,0.5198897892572951,0.6056060791015625,0.3067400060491823
79,1FSS_A_B,B9,2,1.4837244004011154,1.0491515849355728,2.474315643310547,1.7496053701808425
80,1GC1_G_C,C89,2,0.4813636541366576,0.3403755040567665,1.6217269897460938,1.1467341516827094
81,1IAR_A_B,A12,2,0.1542833484709262,0.10909480192795906,0.0767135620117187,0.05424467990746101
82,1IAR_A_B,A13,2,1.1972493678331375,0.8465831467661187,0.34717369079589844,0.24548887101134148
83,1IAR_A_B,A15,2,0.044203352183103506,0.031256490079849666,0.2445449829101561,0.17291941572091976
84,1IAR_A_B,A16,2,0.0791109427809715,0.055939884106485885,0.104583740234375,0.07395187192157893
85,1IAR_A_B,A19,2,0.2030973136425018,0.14361148771738413,0.009326934814453104,0.0065951388549846815
86,1IAR_A_B,A5,2,0.3752756714820862,0.2653599721193182,0.3764781951904297,0.2662102847880255
87,1IAR_A_B,A6,2,1.496372975409031,1.0580954780960166,0.18180465698242193,0.12855530580356478
88,1IAR_A_B,A77,2,0.4580779075622559,0.3239099947490156,0.07746124267578133,0.05477336997518178
89,1IAR_A_B,A78,2,0.12023270130157471,0.08501735841072011,0.0726814270019531,0.051393529899396065
90,1IAR_A_B,A8,2,0.0612806174904108,0.043331940182768425,0.3366241455078124,0.23802921599970123
91,1IAR_A_B,A81,2,0.9821104407310486,0.6944569525150334,0.1315746307373047,0.0930373136264641
92,1IAR_A_B,A82,2,0.4941361322999001,0.34940700997855234,0.465850830078125,0.32940628096962427
93,1IAR_A_B,A84,2,1.5351194739341736,1.0854933899503796,0.023054122924804715,0.016301726654437666
94,1IAR_A_B,A85,2,0.7977204918861389,0.5640735693041571,0.22344970703125008,0.15800280309594428
95,1IAR_A_B,A88,2,0.9257185459136967,0.6545818612857255,0.019472122192382785,0.01376886964632692
96,1IAR_A_B,A91,2,0.5770776271820068,0.40805550345143937,0.1654891967773438,0.11701853325437477
97,1JRH_LH_I,I37,2,0.42172229290008545,0.29820269308718983,0.9349555969238281,0.6611134426931553
98,1JRH_LH_I,I38,2,0.36417651176452637,0.2575116810175591,0.5975227355957031,0.4225123782528581
99,1JRH_LH_I,I39,2,2.6195151805877686,1.8522769476147147,1.5934085845947266,1.1267100153677898
100,1JRH_LH_I,I42,2,1.5264924764633179,1.0793931815374584,0.8825092315673828,0.6240282621010255
101,1JRH_LH_I,I45,2,3.2238353788852696,2.279595857838877,0.2204723358154297,0.15589748371912807
102,1JRH_LH_I,I46,2,0.5513886716216803,0.3898906687731326,0.18962860107421878,0.13408766972649874
103,1JRH_LH_I,I72,3,3.327828347682953,1.8972173232299758,1.36981201171875,0.6851742255554403
104,1JTG_A_B,A143,2,0.0978558212518692,0.06919451478577539,0.25478363037109353,0.18015923277072712
105,1JTG_A_B,A79,3,1.66079843044281,0.8656908052879128,1.1760339736938477,0.5979240792815558
106,1JTG_A_B,A82,2,0.5343156158924103,0.3778181952913899,0.4182891845703125,0.29577511890665936
107,1JTG_A_B,A85,3,2.2862181067466736,1.2563579669564124,0.36036300659179693,0.183917237455351
108,1JTG_A_B,A86,2,1.0394433438777924,0.7349974371152074,0.178558349609375,0.12625981984626738
109,1JTG_A_B,B163,2,0.6418297290802002,0.4538421537997342,0.7958030700683594,0.5627177473344102
110,1JTG_A_B,B73,2,0.07786547392606735,0.05505920463342653,0.8395252227783203,0.5936339780036973
111,1K8R_A_B,A38,3,1.725475788116455,0.9475536003967503,1.5993690490722656,0.8041919271634935
112,1K8R_A_B,A40,2,1.9456645250320435,1.3757925795642612,1.1504058837890625,0.8134598015441494
113,1KNE_A_P,A3,4,1.2717460691928864,0.5524239613621591,1.4217929840087893,0.6196110035033717
114,1KNE_A_P,A40,4,1.1089529395103455,0.5705415072733989,0.40392112731933594,0.18521038901451634
115,1KNE_A_P,P2,4,0.5884539783000946,0.2633261001535271,0.8512039184570312,0.3676093066604283
116,1KTZ_A_B,A13,2,0.3298836946487427,0.23326299748899834,0.9509658813476561,0.6724344233779694
117,1KTZ_A_B,A64,2,0.6829073429107666,0.48288841309429004,0.5332221984863281,0.3770450324288818
118,1KTZ_A_B,B28,2,3.8212691098451614,2.702045300310196,0.7126350402832031,0.5039090694954014
119,1KTZ_A_B,B8,2,0.47872781753540017,0.33851168612191773,0.0577239990234375,0.040817031146678305
120,1KTZ_A_B,B95,2,0.1329009532928469,0.09397516529952875,0.3024330139160155,0.21385243499470005
121,1LFD_A_B,A14,2,0.5312722325325012,0.375666198279848,0.3222532272338868,0.22786744223633076
122,1LFD_A_B,A18,2,2.14254230260849,1.5150061911535033,0.2697906494140625,0.19077079770140604
123,1LFD_A_B,A38,2,0.5516634806990623,0.3900849881352811,0.45138502120971685,0.3191774094234244
124,1LFD_A_B,A44,2,0.05387733876705167,0.03809703159446711,0.04215383529663087,0.02980726279126853
125,1LFD_A_B,B40,2,1.4441352486610413,1.0211578272787434,1.9046964645385742,1.3468237861772683
126,1MAH_A_F,A287,2,1.1707968115806582,0.8278783648602719,0.34077072143554676,0.24096128795690713
127,1MHP_HL_A,H100,4,2.62616253644228,1.2040691950559623,1.4338016510009766,0.6164581544790191
128,1MHP_HL_A,H33,2,2.293779671192169,1.6219471600478321,1.3612899780273438,0.9625773746244211
129,1MHP_HL_A,H35,2,1.1549531221389773,0.8166751846170456,0.02248382568359375,0.015898465607885402
130,1MHP_HL_A,H53,3,0.7430393099784851,0.3905278843383561,0.6229629516601562,0.32665088436830897
131,1MHP_HL_A,H54,3,1.3641711473464966,0.7368010321170927,1.387075424194336,0.7516336079067418
132,1MHP_HL_A,H58,3,1.2554569840431213,0.7248384276932919,0.9960422515869141,0.5522836576816783
133,1MHP_HL_A,H64,4,0.1352310366928577,0.057250845747450464,0.15615558624267567,0.0696853462055902
134,1MHP_HL_A,H99,2,0.7550068497657776,0.5338704633116742,0.7327795028686523,0.5181533555929312
135,1MHP_HL_A,L29,3,0.8586224317550657,0.43274812573720256,0.4444084167480469,0.2470706814237139
136,1MHP_HL_A,L30,3,0.13157451152801514,0.06740192951588878,0.0943012237548828,0.050572345691799386
137,1MHP_HL_A,L48,3,1.1958230733871458,0.6516714556513034,0.6357631683349609,0.3187007976538168
138,1MHP_HL_A,L51,5,0.9339436590671539,0.422492645658963,0.4102506637573242,0.1569449753392397
139,1MHP_HL_A,L90,3,0.953514814376831,0.4782824173297002,0.7034759521484376,0.38983803460584565
140,1MHP_HL_A,L91,2,1.0605530142784116,0.7499242282040983,0.48586273193359375,0.34355683247606583
141,1MLC_AB_E,A32,2,0.8777795433998108,0.6206838675248376,1.9981269836425781,1.4128891398054888
142,1MLC_AB_E,B31,3,0.3942742496728897,0.20855214019422028,0.4419746398925781,0.22933208063447555
143,1MLC_AB_E,B57,2,0.11521056294441229,0.08146617032231349,0.08261108398437499,0.058414857686522936
144,1N8O_ABC_E,E80,3,1.522135816514492,0.8486961396927094,2.6807899475097656,1.509854056205883
145,1OGA_ABC_DE,E28,2,0.5890468358993528,0.4165190121009119,0.34452056884765625,0.24361283049042454
146,1OGA_ABC_DE,E48,2,0.0,0.0,0.673828125,0.4764684365417166
147,1OGA_ABC_DE,E49,5,1.9615265429019928,0.8568867868977272,0.1216659545898437,0.05639117882824913
148,1OGA_ABC_DE,E51,2,0.6198226809501648,0.43828082083308745,0.5873470306396484,0.4153170682750783
149,1OGA_ABC_DE,E54,2,0.49806326627731323,0.3521839130446093,0.5404376983642578,0.3821471613222166
150,1OGA_ABC_DE,E94,2,0.0,0.0,0.32843017578125006,0.23223520444121173
151,1OGA_ABC_DE,E97,2,0.281539686024189,0.1990786211608355,0.6432151794433594,0.4548218151465214
152,1PPF_E_I,I13,19,1.9070293307304382,0.45756984747901003,2.1862564086914062,0.4848972854616269
153,1PPF_E_I,I14,19,3.0167541280388837,0.8226337986516159,1.150033950805664,0.31185288387175486
154,1PPF_E_I,I15,19,2.6691661477088924,0.7101247526765521,3.5734710693359375,0.8837598857988563
155,1PPF_E_I,I17,19,3.441934585571289,0.9025158440869061,3.087254524230957,0.8647719432737555
156,1PPF_E_I,I18,19,8.346371233463287,2.9397606280696693,8.6727294921875,2.4105232376592487
157,1PPF_E_I,I19,19,2.6324578523635864,0.6260905530322015,1.765045166015625,0.4462373724751898
158,1PPF_E_I,I20,19,6.184135749936104,1.7081457318887705,7.479244232177734,1.6268883439038873
159,1PPF_E_I,I21,19,7.686816871166229,1.6441758762468317,6.466653823852539,1.360774516756524
160,1PPF_E_I,I32,19,4.591396890580654,1.2475415192319637,1.9017696380615234,0.6694392127011412
161,1PPF_E_I,I36,19,5.7251152992248535,1.7071803497966456,2.9329090118408203,0.9446221372513786
162,1R0R_E_I,I10,19,7.773481369018555,2.440084359197769,4.493534088134766,1.1924889900570395
163,1R0R_E_I,I12,19,5.828808605670929,1.4869218577968781,2.864828109741211,0.7932547180720159
164,1R0R_E_I,I13,19,9.03403389453888,2.028526179154775,8.15500259399414,2.2564323149845116
165,1R0R_E_I,I14,19,4.157504566013814,1.165466823122877,1.860992431640625,0.49921167195532806
166,1R0R_E_I,I15,19,7.018599957227707,1.8635790692582395,7.22540283203125,1.5584338478769966
167,1R0R_E_I,I16,19,7.5704220831394196,1.6947714716254871,6.305366516113281,1.2990861115030978
168,1R0R_E_I,I27,19,3.3560915291309357,0.8415580650405019,2.3363580703735347,0.7514857920959417
169,1R0R_E_I,I31,19,1.8210159838199615,0.5644693786109083,1.7973365783691406,0.5177494311387649
170,1R0R_E_I,I8,19,2.453263521194458,0.6913780687877161,2.4468746185302734,0.587193675019459
171,1R0R_E_I,I9,19,4.262951135635376,1.239287338749285,0.882476806640625,0.2333219518082476
172,1TM1_E_I,I39,3,1.6569364070892334,0.8437818418643981,0.8460922241210938,0.4792463134817642
173,1TM1_E_I,I40,5,2.176438681781292,0.7717155515447452,1.8358478546142578,0.6921410233643847
174,1TM1_E_I,I41,2,0.2416682243347168,0.17088524022439006,0.07889175415039018,0.0557848943394427
175,1TM1_E_I,I42,2,2.1004114151000977,1.4852151548989114,0.4174346923828125,0.2951709016864072
176,1TM1_E_I,I48,2,0.225020170211792,0.15911328826050927,0.8167657852172852,0.5775406253682975
177,1UUZ_A_D,A62,4,1.8596078157424927,0.8953873122998496,1.0062026977539062,0.44878176033384937
178,1VFB_AB_C,A32,2,4.102267146110535,2.9007409172535445,1.6563644409179688,1.1712265282893604
179,1VFB_AB_C,A46,2,0.0,0.0,0.1200714111328125,0.08490330903864964
180,1VFB_AB_C,A50,3,1.2600791603326797,0.6452992990950494,1.2240333557128906,0.6562999944295689
181,1VFB_AB_C,B28,4,0.2480657622218131,0.10674483471045564,0.313018798828125,0.1428013487852666
182,1VFB_AB_C,B31,3,0.8165920674800873,0.41282773733327605,0.9111976623535156,0.4605450101420212
183,1VFB_AB_C,B32,2,1.111005961894989,0.7855998495946298,0.8692607879638672,0.6146601977888121
184,1VFB_AB_C,B58,3,0.2852120846509932,0.1472790756008533,1.0545654296875,0.606980422528812
185,1VFB_AB_C,B99,3,1.3357120752334595,0.6725381472900542,2.5223846435546875,1.3666900582158157
186,1XD3_A_B,B27,2,0.3284024819731712,0.23221562196172227,0.1668586730957031,0.11798689924576099
187,1XD3_A_B,B6,2,1.0414463877677917,0.7364138030328402,0.45130538940429665,0.31912110123381354
188,1XGP_AB_C,B33,4,2.9093846082687387,1.2078149531361855,2.2834625244140625,0.9341094729982838
189,1XGQ_AB_C,B33,4,4.062480092048645,1.6626762819610017,3.482959747314453,1.4437599854884717
190,1XGR_AB_C,B33,4,4.0624799728393555,1.7248765654012006,4.143768310546875,1.7735267752703585
191,1XGT_AB_C,B33,4,4.062480211257935,1.7292456397176743,3.9534988403320312,1.685217987613952
192,1XGU_AB_C,B33,4,2.261219024658204,1.0649587710726265,1.8836593627929688,0.8877759141743395
193,1YY9_CD_A,C26,2,0.19022881053388122,0.13451208190555836,0.9919166564941406,0.7013909941788942
194,1Z7X_W_X,W434,2,5.8353085815906525,4.126186268358804,2.2550010681152344,1.59452654684719
195,1Z7X_W_X,W437,2,0.45807790756225586,0.3239099947490156,1.8963775634765625,1.3409414348242998
196,2AJF_A_E,A23,2,0.05460667610168457,0.038612750969558546,0.9589843750000004,0.6781043546144434
197,2B0U_AB_C,C47,2,0.13220182061195374,0.09348080383991998,0.3812675476074219,0.26959686835957286
198,2B0U_AB_C,C51,2,0.2402186095714569,0.16986020779518088,0.15879440307617188,0.11228459922963109
199,2B0U_AB_C,C52,2,0.0,0.0,0.24506759643554688,0.1732889592886634
200,2B42_A_B,A357,3,1.4916722774505615,0.7533225197838325,0.2724494934082031,0.15258693038320398
201,2BDN_HL_A,H27,2,0.22352874279022217,0.1580586898170697,0.1396217346191406,0.09872747535022287
202,2BDN_HL_A,H28,2,1.2678864747285843,0.8965311240552881,0.1028213500976562,0.0727056739048088
203,2BDN_HL_A,L31,2,4.408931493759155,3.117585357024033,0.2550506591796875,0.180348050652056
204,2BDN_HL_A,L53,2,0.6910566836595535,0.4886508671999571,0.1041145324707031,0.07362009193010115
205,2BDN_HL_A,L56,2,0.26345497369766235,0.18629079843894056,0.04183197021484383,0.029579669809309744
206,2FTL_E_I,I15,17,12.934665441513063,2.944637281730166,12.118907928466797,2.598582711106918
207,2G2U_A_B,A79,3,3.8223585188388824,1.9851171092486328,2.541781425476074,1.465860144862434
208,2G2U_A_B,B73,2,1.021868705749512,0.7225702913178006,0.1718502044677734,0.12151644492745729
209,2J0T_A_D,D2,4,3.4515957832336426,1.5572545657580954,1.0997390747070312,0.45526136739533113
210,2J0T_A_D,D4,4,1.8245233297348025,0.8251438960749503,0.5978965759277344,0.24886179905020603
211,2J0T_A_D,D68,4,0.8719806671142583,0.4445907965320924,0.8479843139648438,0.4488347415156834
212,2J0T_A_D,D69,2,0.49751192331314087,0.35179405469588354,0.1557846069335937,0.11015635196722494
213,2JEL_LH_P,P17,2,0.0,0.0,0.7711887359619141,0.5453127847733513
214,2JEL_LH_P,P2,2,2.620325326919556,1.8528498075796753,0.2418117523193359,0.17098672983560428
215,2JEL_LH_P,P34,2,6.820855617523193,4.823073260645006,0.17310523986816406,0.12240388896970271
216,2JEL_LH_P,P5,2,0.3026396334171295,0.21399853704506316,0.3239746093749999,0.22908464322132527
217,2JEL_LH_P,P62,2,0.0,0.0,0.4119338989257812,0.2912812533310337
218,2JEL_LH_P,P7,2,0.4106564223766327,0.29037794100032405,0.2938098907470703,0.2077549661269321
219,2JEL_LH_P,P70,2,1.364170789718628,0.9646144161066496,0.5225906372070312,0.3695273833536907
220,2JEL_LH_P,P72,2,0.4106564223766327,0.29037794100032405,0.1638431549072265,0.11585460588589783
221,2JEL_LH_P,P76,2,0.2402186095714569,0.16986020779518088,0.28417587280273426,0.20094268670841922
222,2JEL_LH_P,P85,4,0.0,0.0,0.9649505615234374,0.42242419942174797
223,2KSO_A_B,A49,2,0.0,0.0,0.18557357788085938,0.13122033532860555
224,2NYY_DC_A,D30,2,0.06481342017650601,0.045830008918700406,0.07317161560058594,0.051740145581549685
225,2O3B_A_B,B24,3,4.875590085983276,2.7930870245396604,0.9557762145996093,0.489471180737169
226,2O3B_A_B,B75,2,0.46538305282592773,0.32907551250251077,0.05189132690429693,0.03669270913879628
227,2SIC_E_I,I67,10,1.8446082770824432,0.5463082016922212,3.4057788848876953,0.9926583292159962
228,2WPT_A_B,A30,2,2.627199150621891,1.857710334932277,0.4673118591308594,0.3304393845203233
229,2WPT_A_B,A31,2,0.637832760810852,0.4510158704322907,0.43636131286621094,0.3085540433751624
230,2WPT_A_B,A35,2,0.07263600826263428,0.051361414000830795,0.6866569519042969,0.48553978704041334
231,2WPT_A_B,A39,2,0.13220185041427607,0.09348082491334418,0.8600196838378906,0.6081257503956831
232,3AAA_AB_C,A248,2,0.9619183540344238,0.6801789910855432,0.27291297912597656,0.19297861821380072
233,3AAA_AB_C,A252,2,0.953514575958252,0.6742366226202953,0.17394638061523438,0.12299866529588845
234,3AAA_AB_C,A258,2,1.3178105354309082,0.9318327659222703,0.0897674560546875,0.06347517690613494
235,3AAA_AB_C,C77,2,2.1264578104019165,1.5036327376422929,0.199981689453125,0.14140840872544697
236,3B4V_AB_C,C49,2,0.5528159141540527,0.390899881646171,1.1306571960449219,0.7994953705207319
237,3B4V_AB_C,C52,2,0.031025409698486328,0.021938277586890563,0.872772216796875,0.6171431529282859
238,3B4V_AB_C,C53,2,0.6993551254272461,0.4945187516471742,0.46834564208984375,0.3311703794608962
239,3BK3_A_C,C19,2,0.06242102384567261,0.044138329249882285,0.089630126953125,0.06337807056716584
240,3BK3_A_C,C2,2,0.0263355355709791,0.01862203578841886,0.4449996948242187,0.31466230183614924
241,3BK3_A_C,C22,2,0.8138604164123535,0.5754862193844825,0.9175910949707031,0.6488348856101736
242,3BK3_A_C,C28,2,0.0860134363174434,0.06082068409322149,0.089874267578125,0.06355070405866646
243,3BK3_A_C,C3,2,0.3877789378166201,0.2742011165314486,0.51837158203125,0.3665440608286956
244,3BN9_B_CD,D102,2,0.0367749352008105,0.026003806058188975,0.5293655395507812,0.3743179627428329
245,3BN9_B_CD,D30,2,0.04062008857727051,0.028722740085386195,0.025421142578125,0.01797546230250226
246,3BX1_A_C,C87,2,0.4832075834274292,0.34167935896229956,1.01922607421875,0.7207016686422215
247,3D3V_ABC_DE,C8,2,2.4861127734184265,1.757947200878664,3.192403793334961,2.2573703705528083
248,3F1S_A_B,A201,2,0.3848813772201538,0.27215223178478837,0.0897302627563477,0.06344887727266417
249,3HFM_HL_Y,H32,2,1.728639006614685,1.222332363800821,0.2143096923828125,0.1515398367578897
250,3HFM_HL_Y,H33,4,4.983762741088867,2.26079486828659,2.5612125396728516,1.1537873781674035
251,3HFM_HL_Y,H50,3,5.73870575428009,3.0234304371157306,2.951852798461914,1.4979758723137904
252,3HFM_HL_Y,H53,4,2.587641477584839,1.2514501275163956,0.7347278594970703,0.3352899549872567
253,3HFM_HL_Y,H58,3,1.2918310761451721,0.7042644640145311,1.6915454864501953,0.8561502920974996
254,3HFM_HL_Y,H98,2,2.266135692596436,1.6023999153238135,3.216442108154297,2.274368025969858
255,3HFM_HL_Y,L31,3,4.365838646888733,2.3909333849943453,1.0539054870605469,0.5487207816373243
256,3HFM_HL_Y,L50,3,2.2037148475646973,1.227591019233984,2.1662826538085933,1.159446097236862
257,3HFM_HL_Y,L96,2,1.305850148200988,0.9233754950063768,1.1042671203613281,0.7808347690488366
258,3HFM_HL_Y,Y101,9,1.9702955707907677,0.6422564257918546,1.2427603403727214,0.4324639253250287
259,3HFM_HL_Y,Y19,3,0.4531612396240234,0.22888741526624903,0.8481731414794922,0.454275387833314
260,3HFM_HL_Y,Y20,3,5.060012400150299,2.5312908262162064,1.4819469451904297,0.8187277404310649
261,3HFM_HL_Y,Y21,9,1.5508108536402387,0.48916278481845793,0.9290933609008789,0.2862565457294733
262,3HFM_HL_Y,Y96,3,1.4245805740356445,0.8112703115544894,3.177003860473633,1.6526394118759884
263,3HFM_HL_Y,Y97,6,5.824060022830963,2.2913375878478695,1.9491214752197266,0.7204103047121875
264,3HH2_AB_C,C47,2,0.6120117902755737,0.4327576870699773,0.3401756286621094,0.2405404938213744
265,3HH2_AB_C,C51,2,0.14889174699783325,0.10528236396487967,0.1853523254394531,0.1310638862269331
266,3HH2_AB_C,C52,2,0.4562520980834961,0.3226189524854299,0.12036705017089841,0.08511235740726364
267,3KBH_A_E,A23,2,0.1968972682952883,0.13922739360870529,0.25685882568359375,0.1816266174484825
268,3KBH_A_E,E54,2,0.6333382129669194,0.44783774517347863,0.8664817810058594,0.6126951431238401
269,3MZW_A_B,B18,3,0.217859275639057,0.11457203594820946,1.0118217468261719,0.5093871328009006
270,3N85_A_LH,H30,2,0.23073917627334595,0.16315723622828104,0.12862205505371094,0.09094952733862845
271,3N85_A_LH,H32,2,0.1912277415394782,0.13521843279355347,0.20416259765625,0.14436475726739512
272,3NGB_HL_G,H30,2,0.07612576638348391,0.05382904563278439,0.8136978149414062,0.5753712427817448
273,3NGB_HL_G,H33,2,0.6115738749504089,0.4324480341739678,1.8827056884765625,1.331273959300265
274,3NGB_HL_G,H52,2,0.43783001601696014,0.30959257333260726,1.2055282592773438,0.8524372070470242
275,3NGB_HL_G,H54,2,0.301689464598894,0.21332666623041682,0.7501296997070312,0.5304217974322702
276,3NGB_HL_G,H55,2,1.999530553817749,1.4138816137942232,0.5691604614257812,0.40245722185743427
277,3NGB_HL_G,H58,2,1.1986762285232544,0.8475920896359089,0.4946861267089843,0.3497959147548305
278,3NGB_HL_G,H62,2,0.883257083594799,0.6245570733409357,0.2992820739746094,0.21162438399502026
279,3NGB_HL_G,H63,2,0.2744649089872836,0.19407599834265682,0.3398590087890625,0.24031660976208455
280,3NGB_HL_G,H74,2,0.9054275453090668,0.6402339571611311,0.0556640625,0.039360436062141804
281,3NGB_HL_G,H75,2,0.5288407057523727,0.3739468492049824,0.1630859375,0.11531917232241547
282,3NGB_HL_G,L26,2,0.3178957104682921,0.22478621258224474,0.23764419555664062,0.1680398221877226
283,3Q8D_A_E,A202,2,0.9255196154117584,0.6544411961788199,0.3534240722656251,0.2499085581335879
284,3Q8D_A_E,A209,2,1.7076855897903442,1.2075160606753013,0.3113746643066406,0.22017513662091043
285,3Q8D_A_E,A227,2,2.728342115879059,1.9292292115349357,0.8161239624023435,0.5770867881035321
286,3Q8D_A_E,A228,2,0.8476483225822449,0.5993778769593074,0.5930137634277344,0.419324053456706
287,3QDG_ABC_DE,D26,2,0.23156940937042236,0.16374429968118928,0.6411590576171877,0.45336791746028987
288,3QDG_ABC_DE,D27,2,0.4580778926610947,0.3239099842123035,0.0678062438964844,0.04794625486599308
289,3QDG_ABC_DE,D28,5,0.6508750319480894,0.2973166391576819,1.1968345642089844,0.44478315061648627
290,3QDG_ABC_DE,E97,2,0.4600560665130613,0.3253087643573949,0.2530250549316406,0.17891573215226178
291,3QDJ_ABC_DE,D26,2,0.8346269130706787,0.590170349993072,0.45842742919921853,0.3241571438686832
292,3QDJ_ABC_DE,D27,2,0.1768427640199661,0.12504671764229044,0.4601020812988282,0.3253413017244456
293,3QDJ_ABC_DE,D28,5,1.3303075283765793,0.4784404753536147,0.44626617431640625,0.1987501011328784
294,3QDJ_ABC_DE,E97,2,0.3888459205627442,0.274955587266642,0.07898330688476585,0.055849631898756136
295,3QIB_ABP_CD,P11,3,2.0632761716842647,1.150861916214028,0.2193050384521485,0.12013285306565873
296,3QIB_ABP_CD,P6,2,3.0309819802641864,2.1432279118990367,1.7724018096923828,1.2532773386207925
297,3QIB_ABP_CD,P8,2,0.9019646644592276,0.6377853306297688,1.2120418548583984,0.8570430146522947
298,3R9A_AC_B,A325,2,0.532264977693558,0.3763681751152213,1.2411651611328123,0.8776363020095054
299,3S9D_A_B,A116,2,1.03264852364858,0.7301927736541879,0.43661117553710943,0.30873072296412013
300,3S9D_A_B,A23,2,1.3727981448173523,0.9707148774006619,0.33557605743408203,0.23728810581548576
301,3S9D_A_B,A26,3,1.4936127662658691,0.7565168108246023,0.4582818349202475,0.259773460922845
302,3S9D_A_B,B35,2,0.6247413754463196,0.44175886306590345,0.6444578170776368,0.4557004926442766
303,3S9D_A_B,B39,2,0.44525074958801275,0.3148398243620772,0.18570613861083973,0.13131406991969372
304,3SE4_B_A,B134,2,0.1743535771965979,0.12328659675984657,0.8872451782226561,0.6273770820963072
305,3SE4_B_A,B27,2,0.0533632263541222,0.03773349922099249,0.3316001892089844,0.23447674243241506
306,3SE4_B_C,B134,2,2.7250833213329315,1.9269248958128753,0.9376192092895508,0.66299690105941
307,3SE4_B_C,B27,2,1.094809651374817,0.7741473285956131,0.5698108673095703,0.4029171282683852
308,3SE4_B_C,C38,2,0.5007984638214111,0.3541179897759257,0.5154781341552733,0.3644980842145827
309,3SEK_B_C,C44,2,1.774827241897583,1.2549923781803978,0.6539039611816406,0.462379925196283
310,3SEK_B_C,C47,2,2.226358652114868,1.574273300263765,0.8735370635986328,0.6176839812883776
311,3SEK_B_C,C48,2,0.8066835403442383,0.5704114016489827,0.9575462341308594,0.6770874354535722
312,3SGB_E_I,I11,19,3.831320643424988,1.039782977921395,4.854167938232422,1.3403004638642788
313,3SGB_E_I,I12,19,8.459233965724707,2.0572314020103457,8.231222152709961,2.0859531822583035
314,3SGB_E_I,I13,19,2.8985430002212524,0.8512034685193557,3.83740234375,1.084035524547787
315,3SGB_E_I,I14,19,6.107559397816658,1.4843168435317824,7.325019836425781,1.9014880040159554
316,3SGB_E_I,I15,19,7.962268888950348,1.7165608381288804,7.108917236328125,1.6073093125738438
317,3SGB_E_I,I26,19,2.9956488609313965,0.8174493886844642,2.8825950622558594,0.8425256876968354
318,3SGB_E_I,I30,19,1.2045861929655075,0.35358586432860206,1.8439292907714844,0.5071467466351267
319,3SGB_E_I,I7,19,2.619803298264742,0.7832444158780152,1.9352302551269531,0.5733470573165622
320,3SGB_E_I,I8,19,1.3449338972568512,0.32696821618072675,3.5446701049804688,1.019780183837839
321,3SGB_E_I,I9,19,4.138701677322388,1.1793112061505158,4.416347503662109,1.5695865654395968
322,3W2D_A_HL,A45,2,1.487477719783783,1.0518055825230161,0.2048778533935547,0.14487051944952584
323,3W2D_A_HL,A67,2,5.052319556474686,3.57252941910466,0.1999282836914062,0.14137064514918116
324,4B0M_A_BM,M98,2,0.35233539342880255,0.2491387459455364,0.3054466247558594,0.21598337965541095
325,4B0M_A_BM,M99,2,0.07850754261016801,0.05551321575394163,0.0173492431640625,0.012267767489762948
326,4BFI_A_B,B43,2,0.4106564521789551,0.29037796207374833,0.4900360107421874,0.34650778622140455
327,4BFI_A_B,B95,2,0.6508750915527344,0.4602381909423534,0.12392807006835943,0.08763037872469855
328,4CPA_A_I,I36,2,0.5019832849502563,0.35495578483062523,1.1647510528564453,0.8236033678689634
329,4CPA_A_I,I37,5,3.734722137451172,1.5544741096336885,1.391611099243164,0.5951818024105727
330,4CVW_A_C,A720,2,1.8263776302337646,1.2914440073457119,0.169921875,0.12015291008443288
331,4CVW_A_C,C31,2,0.5867637395858765,0.4149046192155507,0.9305839538574219,0.6580222242359722
332,4CVW_A_C,C34,2,2.3927801847457886,1.691951094522547,0.3467063903808593,0.245158439719016
333,4FTV_ABC_DE,E101,2,0.3541897162795067,0.2504499502077785,0.0650138854980468,0.045971759306954636
334,4G0N_A_B,A35,2,0.5724834203720097,0.40480690866191715,0.5826187133789065,0.4119736430764063
335,4G0N_A_B,B11,2,1.1291156709194186,0.7984053476511191,0.9928665161132814,0.7020626463567637
336,4G0N_A_B,B12,3,0.5944083929061892,0.3215145664174102,0.2433929443359376,0.12219547556568594
337,4G0N_A_B,B31,2,2.4815168380737314,1.7546973838305353,0.44625345865885424,0.31554884674562655
338,4G0N_A_B,B35,2,0.5571601241827011,0.39397170201632686,0.8647594451904297,0.6114772677892694
339,4I77_HL_Z,H100,2,0.0,0.0,1.7735872268676758,1.2541155551439773
340,4I77_HL_Z,H101,2,1.6087546646595001,1.1375613326462228,1.1983003616333008,0.8473263116091991
341,4I77_HL_Z,H103,2,1.8306815028190613,1.294487304836138,1.2375593185424805,0.8750865862619907
342,4I77_HL_Z,H52,2,0.05218315124511719,0.0368990601091056,1.435063362121582,1.0147430347885367
343,4I77_HL_Z,L32,2,0.783865749835968,0.5542767872488908,0.5613374710083007,0.39692553228407645
344,4K71_A_BC,A462,2,0.04159259796142578,0.029410408065689942,1.039794921875,0.7352460403011489
345,4K71_A_BC,B157,2,0.45918840169906616,0.3246952326836221,0.9541664123535156,0.6746975405556105
346,4NKQ_C_AB,B176,3,1.473681002855301,0.7740180268617806,1.0762621561686199,0.5412146033844163
347,4NKQ_C_AB,B178,3,2.5868590474128723,1.3455799336178684,0.48599624633789074,0.2682274020818705
348,4NKQ_C_AB,B80,2,0.1973720863461494,0.13956314067229902,0.1315994262695312,0.0930548467154446
349,4NKQ_C_AB,B82,2,0.14124709367752078,0.09987677776226647,1.02557373046875,0.7251901394212377
350,4NKQ_C_AB,B87,2,0.04456627368926999,0.03151311433789841,1.0847434997558594,0.7670294845253962
351,4NKQ_C_AB,B89,2,0.6755640804767609,0.47769594243117214,0.4384193420410156,0.3100092897605466
352,4NKQ_C_AB,B90,2,0.0,0.0,0.18741226196289062,0.13252048131146962
353,4NM8_ABCDEF_HL,B32,3,1.7444386482238767,0.8992143424861374,0.4948024749755859,0.25049345209079
354,4NM8_ABCDEF_HL,B34,2,0.6341850757598877,0.44843656759712097,0.29927825927734375,0.2116216865967155
355,4PWX_AB_CD,B65,2,0.08358229696750638,0.059101608972871575,0.6024627685546875,0.42600550905744106
356,4PWX_AB_CD,B68,2,0.18609824776649475,0.1315913329626227,0.14546775817871094,0.10286123825217136
357,4RS1_A_B,A25,2,0.6375609636306765,0.4508236808030811,0.7635746002197265,0.5399287777571756
358,4RS1_A_B,A28,2,1.0272059440612797,0.7263442887208604,0.09785461425781258,0.06919366131209309
359,4RS1_A_B,A79,2,0.7422018945217133,0.5248159926258061,0.2563304901123048,0.18125302778328198
360,4RS1_A_B,A88,3,0.588454008102417,0.30739737768868225,0.5675678253173827,0.28574809523812233
361,4RS1_A_B,A89,3,0.9943896532058716,0.5017876526253847,1.521200180053711,0.8748503478381796
362,4RS1_A_B,A91,3,0.3891103267669677,0.19633329240119907,1.4999656677246094,0.8591353524726847
363,4RS1_A_B,A92,4,2.1886093616485596,1.0196753801168976,0.8780984878540039,0.3722162547452023
364,4RS1_A_B,B151,2,0.20679596066474915,0.14622682610803067,1.03271484375,0.7302396690476308
365,4X4M_AB_E,E153,2,0.31396794319152843,0.22200886170592252,0.39066314697265625,0.2762405603840421
366,4X4M_AB_E,E154,2,1.6020340621471405,1.1328091490360739,0.337371826171875,0.23855790606742197
367,4X4M_AB_E,E155,2,1.0983415246009827,0.7766447401041261,0.3553543090820313,0.2512734416757647
368,5CXB_A_B,B54,2,2.115967631340027,1.4962150608917697,2.4237899780273438,1.7138783296351279
369,5CYK_A_B,B52,2,0.5644044876098633,0.3990942405210531,0.8763656616210935,0.6196841021313106
370,5E6P_A_B,B42,2,1.0857164859771729,0.767717489680488,0.4436378479003906,0.31369933064137234
371,5F4E_A_B,A139,2,0.6535742282867432,0.46214676883032074,0.279560089111328,0.19767883475973552
372,5F4E_A_B,A50,2,0.12724405527114863,0.08997513434790504,1.208282470703125,0.8543847286230156
373,5F4E_A_B,B139,2,0.19143831729888922,0.1353673323409865,0.12691116333007812,0.08973974419897175
374,5F4E_A_B,B26,2,0.8376159667968748,0.5922839301521963,0.006839752197265597,0.004836435160322083
375,5UFE_A_B,A12,3,0.8775286475817363,0.44310957171758125,0.835973103841146,0.4204930831641695
376,5UFQ_A_C,A12,3,0.6230333844820659,0.31173124143447034,0.1735928853352865,0.08697242242232155
377,5XCO_A_B,A13,2,0.2992445230484009,0.21159783148045838,0.3210296630859375,0.22700225173009908
